<?xml version="1.0" encoding="UTF-8"?> 

<MENUS>
	 <SEMAINE num="1">
     <MENU jour="vendredi"> 
 
     <ENTREE>coquille saint Jacques</ENTREE> 
     <PLAT unique="non">
     <NOM type="poisson">Lieu noir </NOM>
   	<GARNITURES>macedoine</GARNITURES> 
     </PLAT> 
     <DESSERT fromage="non">poire</DESSERT> 
     <BOISSON/>
     </MENU> 
     
     <MENU jour="jeudi"> 
     <ENTREE>coquille saint Jacques</ENTREE> 
     <PLAT unique="non"> 
  	 <NOM type="viande">Steak</NOM> 
   	<GARNITURES>Purée</GARNITURES> 
     </PLAT> 
     <DESSERT fromage="non">Crème renversée</DESSERT> 
     </MENU> 
      
     <MENU jour="mercredi"> 
     <ENTREE>coquille saint Jacques</ENTREE> 
     <PLAT unique="oui"> 
  	 <NOM> Paëlla    </NOM> 
  	    </PLAT> 
     <DESSERT fromage="oui">Camembert</DESSERT> 
     </MENU> 
     
     </SEMAINE>
</MENUS>